{"H":[343.669759177,343.669759177,343.669759177,343.669759177,343.669759177,343.669759177,343.669759177,343.669759177,343.669759177,343.669759177,343.669759177,343.669759177,343.669759177,343.669759177,343.669759177,343.669759177,343.669759177,343.669759177,343.669759177,343.669759177,343.669759177,343.669759177,343.669759177,343.669759177,343.669759177,343.669759177,343.669759177,343.669759177,343.669759177,343.669759177,343.669759177,343.669759177,343.678719177,343.678719177,343.678719177,343.678719177,343.678719177,343.678719177,343.678719177,343.678719177,343.678719177,343.678719177,343.678719177,343.678719177,343.678719177,343.678719177,343.678719177,343.678719177,343.678719177,343.678719177,343.678719177,343.678719177,343.678719177,343.678719177,343.678719177,343.678719177,343.678719177,343.678719177,343.678719177,343.678719177,343.678719177,343.678719177,343.678719177,343.678719177,280.797439328,280.797439328,280.797439328,280.797439328,254.235519391,254.235519391,254.235519391,254.235519391,273.208319346,336.631679194,336.631679194,0,336.631679194,297.059839289,0,255.861759387,255.861759387,255.861759387,320.911359231,320.911359231,320.911359231,320.911359231,271.58207935,271.58207935,271.58207935,258.572159381,258.572159381,258.572159381,258.572159381,258.572159381,258.572159381,258.572159381,258.572159381,258.572159381,274.834559342],"W":[343.678719177,343.678719177,343.678719177,343.678719177,343.678719177,343.678719177,343.678719177,343.678719177,343.678719177,343.678719177,343.678719177,343.678719177,343.678719177,343.678719177,343.678719177,343.678719177,343.678719177,343.678719177,343.678719177,343.678719177,343.678719177,343.678719177,343.678719177,343.678719177,343.678719177,343.678719177,343.678719177,343.678719177,343.678719177,343.678719177,343.678719177,343.678719177,343.669759177,343.669759177,343.669759177,343.669759177,343.669759177,343.669759177,343.669759177,343.669759177,343.669759177,343.669759177,343.669759177,343.669759177,343.669759177,343.669759177,343.669759177,343.669759177,343.669759177,343.669759177,343.669759177,343.669759177,343.669759177,343.669759177,343.669759177,343.669759177,343.669759177,343.669759177,343.669759177,343.669759177,343.669759177,343.669759177,343.669759177,343.669759177,280.483839328,280.483839328,280.483839328,280.483839328,253.514239393,253.514239393,253.514239393,253.514239393,272.778239347,336.734719194,336.734719194,0,336.734719194,296.66559929,0,255.825919387,255.825919387,255.825919387,321.32351923,321.32351923,321.32351923,321.32351923,271.23711935,271.23711935,271.23711935,258.137599382,258.137599382,258.137599382,258.137599382,258.137599382,258.137599382,258.137599382,258.137599382,258.137599382,274.319359343],"X":[38.1526404115,38.1526404115,38.1526404115,38.1526404115,38.1526404115,38.1526404115,38.1526404115,38.1526404115,38.1526404115,38.1526404115,38.1526404115,38.1526404115,38.1526404115,38.1526404115,38.1526404115,38.1526404115,12.5006404115,12.5006404115,12.5006404115,12.5006404115,12.5006404115,12.5006404115,12.5006404115,12.5006404115,12.5006404115,12.5006404115,12.5006404115,12.5006404115,12.5006404115,12.5006404115,12.5006404115,12.5006404115,288.517120412,288.517120412,288.517120412,288.517120412,288.517120412,288.517120412,288.517120412,288.517120412,288.517120412,288.517120412,288.517120412,288.517120412,288.517120412,288.517120412,288.517120412,288.517120412,288.517120412,288.517120412,288.517120412,288.517120412,288.517120412,288.517120412,288.517120412,288.517120412,288.517120412,288.517120412,288.517120412,288.517120412,288.517120412,288.517120412,288.517120412,288.517120412,36.6540803359,36.6540803359,36.6540803359,36.6540803359,83.5068803036,83.5068803036,83.5068803036,83.5068803036,89.3548803266,63.2246404032,63.2246404032,0,63.2246404032,22.7152003552,0,73.0630403063,73.0630403063,73.0630403063,33.7782403848,33.7782403848,33.7782403848,33.7782403848,46.7814403248,46.7814403248,46.7814403248,30.2832003091,30.2832003091,30.2832003091,30.2832003091,30.2832003091,30.2832003091,30.2832003091,30.2832003091,30.2832003091,22.5363203285],"Y":[230.037120412,230.037120412,230.037120412,230.037120412,230.037120412,230.037120412,230.037120412,230.037120412,230.037120412,230.037120412,230.037120412,230.037120412,230.037120412,230.037120412,230.037120412,230.037120412,280.949120412,280.949120412,280.949120412,280.949120412,280.949120412,280.949120412,280.949120412,280.949120412,280.949120412,280.949120412,280.949120412,280.949120412,280.949120412,280.949120412,280.949120412,280.949120412,141.244640412,141.244640412,141.244640412,141.244640412,141.244640412,141.244640412,141.244640412,141.244640412,141.244640412,141.244640412,141.244640412,141.244640412,141.244640412,141.244640412,141.244640412,141.244640412,141.244640412,141.244640412,141.244640412,141.244640412,141.244640412,141.244640412,141.244640412,141.244640412,141.244640412,141.244640412,141.244640412,141.244640412,141.244640412,141.244640412,141.244640412,141.244640412,127.673280336,127.673280336,127.673280336,127.673280336,116.996240304,116.996240304,116.996240304,116.996240304,90.8118403271,53.0501604031,53.0501604031,0,53.0501604031,105.022080356,0,121.265120306,121.265120306,121.265120306,55.3443203843,55.3443203843,55.3443203843,55.3443203843,163.014960325,163.014960325,163.014960325,172.90792031,172.90792031,172.90792031,172.90792031,172.90792031,172.90792031,172.90792031,172.90792031,172.90792031,149.288720329],"IsValid":[1,1,1,1,1,1,1,1,1,1,1,1,1,1,1,1,1,1,1,1,1,1,1,1,1,1,1,1,1,1,1,1,1,1,1,1,1,1,1,1,1,1,1,1,1,1,1,1,1,1,1,1,1,1,1,1,1,1,1,1,1,1,1,1,1,1,1,1,1,1,1,1,1,1,1,0,1,1,0,1,1,1,1,1,1,1,1,1,1,1,1,1,1,1,1,1,1,1,1]}