{"H":[103.103613281,103.103613281,103.103613281,103.103613281,103.103613281,103.103613281,103.103613281,103.103613281,103.103613281,103.103613281,103.103613281,103.103613281,103.103613281,103.103613281,103.103613281,103.103613281,103.103613281,103.103613281,103.103613281,103.103613281,103.103613281,103.103613281,103.103613281,103.103613281,103.103613281,103.103613281,103.103613281,103.103613281,103.103613281,103.103613281,103.103613281,103.103613281,103.100927734,0,0,0,0,0,0,0,0,0,0,0,0,103.100927734,0,103.100927734,0,103.100927734,0,103.100927734,0,103.100927734,0,103.100927734,103.100927734,0,0,103.100927734,103.100927734,103.100927734,0,103.100927734,84.1451538086,84.1451538086,84.1451538086,84.1451538086,0,0,0,0,0,0,0,0,0,0,0,0,0,0,0,0,0,0,81.3711364746,81.3711364746,81.3711364746,0,77.4412780762,77.4412780762,0,77.4412780762,77.4412780762,0,0,77.4412780762,0],"W":[103.103613281,103.103613281,103.103613281,103.103613281,103.103613281,103.103613281,103.103613281,103.103613281,103.103613281,103.103613281,103.103613281,103.103613281,103.103613281,103.103613281,103.103613281,103.103613281,103.103613281,103.103613281,103.103613281,103.103613281,103.103613281,103.103613281,103.103613281,103.103613281,103.103613281,103.103613281,103.103613281,103.103613281,103.103613281,103.103613281,103.103613281,103.103613281,103.100927734,0,0,0,0,0,0,0,0,0,0,0,0,103.100927734,0,103.100927734,0,103.100927734,0,103.100927734,0,103.100927734,0,103.100927734,103.100927734,0,0,103.100927734,103.100927734,103.100927734,0,103.100927734,84.1451538086,84.1451538086,84.1451538086,84.1451538086,0,0,0,0,0,0,0,0,0,0,0,0,0,0,0,0,0,0,81.3711364746,81.3711364746,81.3711364746,0,77.4412780762,77.4412780762,0,77.4412780762,77.4412780762,0,0,77.4412780762,0],"X":[166.684172745,176.994534073,176.994534073,171.839353409,182.149714737,182.149714737,182.149714737,176.994534073,171.839353409,176.994534073,182.149714737,182.149714737,176.994534073,182.149714737,182.149714737,182.149714737,207.925618057,207.925618057,213.080798721,213.080798721,213.080798721,207.925618057,213.080798721,213.080798721,207.925618057,207.925618057,213.080798721,207.925618057,218.235979385,218.235979385,218.235979385,207.925618057,156.369740382,0,0,0,0,0,0,0,0,0,0,0,0,161.524786768,0,161.524786768,0,171.834879542,0,166.679833155,0,161.524786768,0,151.214693995,146.059647608,0,0,156.369740382,140.904601221,156.369740382,0,156.369740382,169.692728522,169.692728522,173.899986213,182.314501594,0,0,0,0,0,0,0,0,0,0,0,0,0,0,0,0,0,0,155.961345468,160.029902291,168.167015939,0,140.684987056,140.684987056,0,144.55705096,156.173242672,0,0,152.301178768,0],"Y":[79.037153815,79.037153815,79.037153815,79.037153815,79.037153815,89.3475151431,84.192334479,79.037153815,84.192334479,84.192334479,79.037153815,84.192334479,79.037153815,84.192334479,79.037153815,84.192334479,48.1060698306,42.9508891665,42.9508891665,42.9508891665,42.9508891665,42.9508891665,37.7957085025,32.6405278384,48.1060698306,42.9508891665,42.9508891665,48.1060698306,48.1060698306,37.7957085025,37.7957085025,42.9508891665,53.2777727407,0,0,0,0,0,0,0,0,0,0,0,0,27.5025408071,0,12.037401647,0,42.9676799673,0,27.5025408071,0,22.3474944204,0,32.6575871938,27.5025408071,0,0,32.6575871938,37.8126335806,22.3474944204,0,42.9676799673,39.5813300678,31.166814687,31.166814687,35.3740723774,0,0,0,0,0,0,0,0,0,0,0,0,0,0,0,0,0,0,30.1810405837,34.2495974074,46.4552678786,0,24.957638633,32.7017664406,0,28.8297025368,28.8297025368,0,0,21.0855747291,0],"IsValid":[1,1,1,1,1,1,1,1,1,1,1,1,1,1,1,1,1,1,1,1,1,1,1,1,1,1,1,1,1,1,1,1,1,0,0,0,0,0,0,0,0,0,0,0,0,1,0,1,0,1,0,1,0,1,0,1,1,0,0,1,1,1,0,1,1,1,1,1,0,0,0,0,0,0,0,0,0,0,0,0,0,0,0,0,0,0,1,1,1,0,1,1,0,1,1,0,0,1,0]}