{"H":[103.103613281,103.103613281,103.103613281,103.103613281,103.103613281,103.103613281,103.103613281,103.103613281,103.103613281,103.103613281,103.103613281,103.103613281,103.103613281,103.103613281,103.103613281,103.103613281,103.103613281,103.103613281,103.103613281,103.103613281,103.103613281,103.103613281,103.103613281,103.103613281,103.103613281,103.103613281,103.103613281,103.103613281,103.103613281,103.103613281,103.103613281,103.103613281,103.100927734,0,0,0,0,0,0,0,0,0,0,0,0,103.100927734,0,103.100927734,0,103.100927734,0,103.100927734,0,103.100927734,0,103.100927734,103.100927734,0,0,103.100927734,103.100927734,103.100927734,0,103.100927734,84.1451538086,84.1451538086,84.1451538086,84.1451538086,0,0,0,0,0,0,0,0,0,0,0,0,0,0,0,0,0,0,81.3711364746,81.3711364746,81.3711364746,0,77.4412780762,77.4412780762,0,77.4412780762,77.4412780762,0,0,77.4412780762,0],"W":[103.103613281,103.103613281,103.103613281,103.103613281,103.103613281,103.103613281,103.103613281,103.103613281,103.103613281,103.103613281,103.103613281,103.103613281,103.103613281,103.103613281,103.103613281,103.103613281,103.103613281,103.103613281,103.103613281,103.103613281,103.103613281,103.103613281,103.103613281,103.103613281,103.103613281,103.103613281,103.103613281,103.103613281,103.103613281,103.103613281,103.103613281,103.103613281,103.100927734,0,0,0,0,0,0,0,0,0,0,0,0,103.100927734,0,103.100927734,0,103.100927734,0,103.100927734,0,103.100927734,0,103.100927734,103.100927734,0,0,103.100927734,103.100927734,103.100927734,0,103.100927734,84.1451538086,84.1451538086,84.1451538086,84.1451538086,0,0,0,0,0,0,0,0,0,0,0,0,0,0,0,0,0,0,81.3711364746,81.3711364746,81.3711364746,0,77.4412780762,77.4412780762,0,77.4412780762,77.4412780762,0,0,77.4412780762,0],"X":[32.6494754792,48.1150174714,48.1150174714,42.9598368073,48.1150174714,48.1150174714,53.2701981355,37.8046561433,42.9598368073,48.1150174714,37.8046561433,37.8046561433,42.9598368073,48.1150174714,48.1150174714,48.1150174714,73.8909207917,73.8909207917,68.7357401276,73.8909207917,68.7357401276,73.8909207917,68.7357401276,63.5805594636,73.8909207917,73.8909207917,79.0461014558,73.8909207917,79.0461014558,73.8909207917,73.8909207917,73.8909207917,12.0284415534,0,0,0,0,0,0,0,0,0,0,0,0,17.1834879401,0,1.71834877998,0,22.3385343269,0,6.8733951667,0,12.0284415534,0,-8.59174399346,-13.7467903802,0,0,-3.43669760674,-3.43669760674,1.71834877998,0,12.0284415534,30.8532247382,35.0604824287,39.2677401191,35.0604824287,0,0,0,0,0,0,0,0,0,0,0,0,0,0,0,0,0,0,17.6304134607,17.6304134607,46.1103112268,0,16.7789421345,16.7789421345,0,28.395133846,16.7789421345,0,0,12.9068782307,0],"Y":[89.3475151431,84.192334479,84.192334479,84.192334479,79.037153815,89.3475151431,89.3475151431,84.192334479,89.3475151431,89.3475151431,79.037153815,84.192334479,89.3475151431,84.192334479,79.037153815,84.192334479,48.1060698306,42.9508891665,42.9508891665,48.1060698306,42.9508891665,42.9508891665,48.1060698306,37.7957085025,48.1060698306,42.9508891665,42.9508891665,48.1060698306,42.9508891665,37.7957085025,37.7957085025,42.9508891665,63.5878655142,0,0,0,0,0,0,0,0,0,0,0,0,27.5025408071,0,37.8126335806,0,27.5025408071,0,32.6575871938,0,37.8126335806,0,48.122726354,53.2777727407,0,0,58.4328191274,48.122726354,32.6575871938,0,42.9676799673,35.3740723774,31.166814687,31.166814687,31.166814687,0,0,0,0,0,0,0,0,0,0,0,0,0,0,0,0,0,0,22.0439269362,13.9068132888,38.3181542312,0,24.957638633,24.957638633,0,28.8297025368,28.8297025368,0,0,13.3414469215,0],"IsValid":[1,1,1,1,1,1,1,1,1,1,1,1,1,1,1,1,1,1,1,1,1,1,1,1,1,1,1,1,1,1,1,1,1,0,0,0,0,0,0,0,0,0,0,0,0,1,0,1,0,1,0,1,0,1,0,1,1,0,0,1,1,1,0,1,1,1,1,1,0,0,0,0,0,0,0,0,0,0,0,0,0,0,0,0,0,0,1,1,1,0,1,1,0,1,1,0,0,1,0]}