{"DotNum":[0,0,0,0,1,1,1,1,2,2,2,2,3,3,3,3,4,4,4,4,5,5,5,5,6,6,6,6,6,7,7,7,8,8,8,8,9,9,9,9,10,10,10,10,10,11,11,11,12,12,12,12,13,13,13,14,14,14,14,14,15,15,15,15,16,16,16,16,17,17,17,17,18,18,18,18,18,19,19,19,19,19,20,20,20,20,21,21,21,22,22,22,22,22,23,23,23,23,23],"XPts":[160,160,160,160,279.657292366,279.657292366,279.657292366,279.657292366,280,280,280,280,255.132203102,255.132203102,255.132203102,255.132203102,186.089053154,186.089053154,186.089053154,186.089053154,62.6934623718,62.6934623718,62.6934623718,62.6934623718,186.494131088,186.494131088,186.494131088,186.494131088,186.494131088,42.2854421288,42.2854421288,42.2854421288,73.8126133084,73.8126133084,73.8126133084,73.8126133084,40,40,40,40,428.697627068,428.697627068,428.697627068,428.697627068,428.697627068,41.44784851,41.44784851,41.44784851,304.213271618,304.213271618,304.213271618,304.213271618,317.379648685,317.379648685,317.379648685,284,284,284,284,284,45.5783235505,45.5783235505,45.5783235505,45.5783235505,162,162,162,162,291.459378242,291.459378242,291.459378242,291.459378242,47.0198640302,47.0198640302,47.0198640302,47.0198640302,47.0198640302,284,284,284,284,284,528,528,528,528,284,284,284,255.255186319,255.255186319,255.255186319,255.255186319,255.255186319,164.093817949,164.093817949,164.093817949,164.093817949,164.093817949],"YPts":[284,284,284,284,64.9650838971,64.9650838971,64.9650838971,64.9650838971,528,528,528,528,480.459225655,480.459225655,480.459225655,480.459225655,272.073066473,272.073066473,272.073066473,272.073066473,263.949325085,263.949325085,263.949325085,263.949325085,253.612014294,253.612014294,253.612014294,253.612014294,253.612014294,372.068191528,372.068191528,372.068191528,117.700519562,117.700519562,117.700519562,117.700519562,280,280,280,280,236.968069077,236.968069077,236.968069077,236.968069077,236.968069077,197.411465645,197.411465645,197.411465645,269.074511528,269.074511528,269.074511528,269.074511528,258.573112488,258.573112488,258.573112488,280,280,280,280,280,64.9249207973,64.9249207973,64.9249207973,64.9249207973,100,100,100,100,103.366186619,103.366186619,103.366186619,103.366186619,108.058257103,108.058257103,108.058257103,108.058257103,108.058257103,280,280,280,280,280,40,40,40,40,40,40,40,71.4846205711,71.4846205711,71.4846205711,71.4846205711,71.4846205711,153.450109959,153.450109959,153.450109959,153.450109959,153.450109959],"XCam":[1.064,1.064,1.064,1.064,3.25148487607,3.25148487607,3.25148487607,3.25148487607,3.25775,3.25775,3.25775,3.25775,2.80313558796,2.80313558796,2.80313558796,2.80313558796,1.54094050297,1.54094050297,1.54094050297,1.54094050297,-0.714885141015,-0.714885141015,-0.714885141015,-0.714885141015,1.54834583396,1.54834583396,1.54834583396,1.54834583396,1.54834583396,-1.08796926108,-1.08796926108,-1.08796926108,-9.85585168755,-9.85585168755,-9.85585168755,-9.85585168755,-10.4752535211,-10.4752535211,-10.4752535211,-10.4752535211,-3.35483308162,-3.35483308162,-3.35483308162,-3.35483308162,-3.35483308162,-10.4487308737,-10.4487308737,-10.4487308737,-5.63521990989,-5.63521990989,-5.63521990989,-5.63521990989,-5.39402949899,-5.39402949899,-5.39402949899,-6.0055,-6.0055,-6.0055,-6.0055,-6.0055,-10.3730660976,-10.3730660976,-10.3730660976,-10.3730660976,3.77062323944,3.77062323944,3.77062323944,3.77062323944,6.14214582854,6.14214582854,6.14214582854,6.14214582854,1.66434099513,1.66434099513,1.66434099513,1.66434099513,1.66434099513,6.0055,6.0055,6.0055,6.0055,6.0055,10.4752535211,10.4752535211,10.4752535211,10.4752535211,6.0055,6.0055,6.0055,5.47893347474,5.47893347474,5.47893347474,5.47893347474,5.47893347474,3.80897918268,3.80897918268,3.80897918268,3.80897918268,3.80897918268],"YCam":[-6.0055,-6.0055,-6.0055,-6.0055,-1.99307341188,-1.99307341188,-1.99307341188,-1.99307341188,-10.4752535211,-10.4752535211,-10.4752535211,-10.4752535211,-9.60437014601,-9.60437014601,-9.60437014601,-9.60437014601,-5.78701453636,-5.78701453636,-5.78701453636,-5.78701453636,-5.63819846392,-5.63819846392,-5.63819846392,-5.63819846392,-5.44883276184,-5.44883276184,-5.44883276184,-5.44883276184,-5.44883276184,-7.61879143108,-7.61879143108,-7.61879143108,-0.290712623239,-0.290712623239,-0.290712623239,-0.290712623239,-3.25775,-3.25775,-3.25775,-3.25775,-2.47107251281,-2.47107251281,-2.47107251281,-2.47107251281,-2.47107251281,-1.74792835632,-1.74792835632,-1.74792835632,-3.05801841387,-3.05801841387,-3.05801841387,-3.05801841387,-2.86603971267,-2.86603971267,-2.86603971267,-3.25775,-3.25775,-3.25775,-3.25775,-3.25775,0.674091291673,0.674091291673,0.674091291673,0.674091291673,2.160875,2.160875,2.160875,2.160875,2.09933690088,2.09933690088,2.09933690088,2.09933690088,2.01355998734,2.01355998734,2.01355998734,2.01355998734,2.01355998734,-1.12975,-1.12975,-1.12975,-1.12975,-1.12975,3.25775,3.25775,3.25775,3.25775,3.25775,3.25775,3.25775,2.68217178018,2.68217178018,2.68217178018,2.68217178018,2.68217178018,1.18374017732,1.18374017732,1.18374017732,1.18374017732,1.18374017732],"Time":[0.205642,0.288975,0.372299,0.455417,0.230861,0.313707,0.397104,0.480826,0.255631,0.315771,0.369085,0.423018,0.208079,0.291863,0.37406,0.425813,0.241059,0.297358,0.350966,0.43435,0.205205,0.273971,0.361311,0.429436,0.213513,0.267193,0.327537,0.397423,0.451939,0.248915,0.312647,0.368095,0.229334,0.292189,0.373596,0.427159,0.265726,0.346542,0.404416,0.466451,0.2463289,0.299835,0.352368,0.406427,0.464885,0.236072,0.406622,0.460756,0.24038,0.29302,0.349981,0.404823,0.250244,0.354018,0.431259,0.214442,0.269938,0.327397,0.391334,0.46098,0.273186,0.333498,0.388537,0.448002,0.243429,0.297578,0.35385,0.412206,0.26018,0.327547,0.394776,0.461175,0.211307,0.262786,0.313979,0.365769,0.444401,0.238078,0.288278,0.338469,0.401083,0.470597,0.202743,0.268916,0.3202119,0.372618,0.237873,0.312499,0.401432,0.230213,0.300197,0.352522,0.40728,0.461463,0.235932,0.290685,0.340885,0.397904,0.456721]}