{"H":[333.652479201,333.652479201,333.652479201,333.652479201,333.652479201,333.652479201,333.652479201,333.652479201,333.652479201,333.652479201,305.141759269,305.141759269,305.141759269,305.141759269,302.059519277,302.059519277,342.128639181,342.128639181],"W":[333.9212792,333.9212792,333.9212792,333.9212792,333.9212792,333.9212792,333.9212792,333.9212792,333.9212792,333.9212792,305.191039269,305.191039269,305.191039269,305.191039269,301.938559277,301.938559277,342.052479181,342.052479181],"X":[98.6913603998,98.6913603998,98.6913603998,98.6913603998,98.6913603998,98.6913603998,98.6913603998,98.6913603998,98.6913603998,98.6913603998,151.534480365,151.534480365,151.534480365,151.534480365,101.856720362,101.856720362,54.2117604096,54.2117604096],"Y":[306.9417604,306.9417604,306.9417604,306.9417604,306.9417604,306.9417604,306.9417604,306.9417604,306.9417604,306.9417604,334.613120365,334.613120365,334.613120365,317.413120365,285.930240362,285.930240362,281.03168041,281.03168041],"IsValid":[1,1,1,1,1,1,1,1,1,1,1,1,1,1,1,1,1,1]}