{"H":[100.176385498,100.176385498,100.176385498,100.176385498,100.176385498,100.176385498,100.176385498,100.176385498,100.176385498,100.176385498,91.5573120117,91.5573120117,91.5573120117,91.5573120117,90.5815673828,0,102.61574707,102.61574707],"W":[100.176385498,100.176385498,100.176385498,100.176385498,100.176385498,100.176385498,100.176385498,100.176385498,100.176385498,100.176385498,91.5573120117,91.5573120117,91.5573120117,91.5573120117,90.5815673828,0,102.61574707,102.61574707],"X":[11.6872464231,11.6872464231,6.67842714816,31.7225235227,31.7225235227,21.7048849729,1.66960787326,6.67842714816,6.67842714816,11.6872464231,6.10382099327,-3.0519102079,-3.0519102079,-7.62977580849,-12.0775426513,0,27.3642019821,27.3642019821],"Y":[51.4889919332,51.4889919332,56.4978112081,46.4801726583,51.4889919332,51.4889919332,46.4801726583,46.4801726583,46.4801726583,51.4889919332,33.521733442,28.9438678414,33.521733442,47.2553302437,78.6249867326,0,73.6174315833,78.7482189368],"IsValid":[1,1,1,1,1,1,1,1,1,1,1,1,1,1,1,0,1,1]}