{"H":[100.176385498,100.176385498,100.176385498,100.176385498,100.176385498,100.176385498,100.176385498,100.176385498,100.176385498,100.176385498,91.5573120117,91.5573120117,91.5573120117,91.5573120117,90.5815673828,0,102.61574707,102.61574707],"W":[100.176385498,100.176385498,100.176385498,100.176385498,100.176385498,100.176385498,100.176385498,100.176385498,100.176385498,100.176385498,91.5573120117,91.5573120117,91.5573120117,91.5573120117,90.5815673828,0,102.61574707,102.61574707],"X":[171.96946322,171.96946322,161.95182467,186.995921045,186.995921045,176.978282495,166.960643945,171.96946322,171.96946322,176.978282495,152.595520212,148.017654611,138.86192341,138.86192341,132.852965161,0,171.026247881,165.895460527],"Y":[41.4713533834,41.4713533834,41.4713533834,31.4537148336,36.4625341085,36.4625341085,31.4537148336,31.4537148336,31.4537148336,36.4625341085,24.3660022408,15.2102710396,19.7881366402,38.0995990426,60.508673256,0,63.3558568763,63.3558568763],"IsValid":[1,1,1,1,1,1,1,1,1,1,1,1,1,1,1,0,1,1]}