{"DotNum":[0,0,0,1,1,1,3,3,3,3,5,5,5,5,6,6,6,6],"XPts":[220,220,220,73.1523537636,73.1523537636,73.1523537636,279.681153297,279.681153297,279.681153297,279.681153297,274.216871262,274.216871262,274.216871262,274.216871262,280,280,280,280],"YPts":[162,162,162,79.9374405742,79.9374405742,79.9374405742,214.149954557,214.149954557,214.149954557,214.149954557,350.319268227,350.319268227,350.319268227,350.319268227,40,40,40,40],"XCam":[2.160875,2.160875,2.160875,-0.52368353276,-0.52368353276,-0.52368353276,3.25192108372,3.25192108372,3.25192108372,3.25192108372,3.15202717775,3.15202717775,3.15202717775,3.15202717775,3.25775,3.25775,3.25775,3.25775],"YCam":[-3.77062323944,-3.77062323944,-3.77062323944,-2.26734695277,-2.26734695277,-2.26734695277,-4.72594062882,-4.72594062882,-4.72594062882,-4.72594062882,-7.22038025686,-7.22038025686,-7.22038025686,-7.22038025686,-1.53574647887,-1.53574647887,-1.53574647887,-1.53574647887],"Time":[0.282343,0.366278,0.449256,0.229143,0.312038,0.394354,0.214651,0.2992409,0.354805,0.423355,0.217507,0.301538,0.359553,0.420302,0.214523,0.297795,0.381298,0.443877]}